SET FOREIGN_KEY_CHECKS=0;

DROP DATABASE IF EXISTS `zelot_gestion_db`;

CREATE DATABASE `zelot_gestion_db`
    CHARACTER SET 'latin1'
    COLLATE 'latin1_swedish_ci';

USE `zelot_gestion_db`;

#
# Structure for the `gral_condiciones_iva` table : 
#

CREATE TABLE `gral_condiciones_iva` (
  `ID_CONDICION_IVA` int(11) NOT NULL AUTO_INCREMENT,
  `DESCRIPCION` varchar(50) COLLATE latin1_spanish_ci DEFAULT NULL,
  `DISCRIMINA_IVA` bit(1) NOT NULL,
  `MUESTRA_IVA` bit(1) NOT NULL,
  `LETRA_FACTURACION_DEFAULT` char(1) COLLATE latin1_spanish_ci NOT NULL,
  `ACTIVO` bit(1) NOT NULL,
  `FECHA_HORA_UPDATE` datetime NOT NULL DEFAULT '1000-01-01 00:00:00',
  PRIMARY KEY (`ID_CONDICION_IVA`)
) ENGINE=InnoDB AUTO_INCREMENT=0 DEFAULT CHARSET=latin1 COLLATE=latin1_spanish_ci;

#
# Structure for the `gral_provincias` table : 
#

CREATE TABLE `gral_provincias` (
  `ID_PROVINCIA` int(11) NOT NULL AUTO_INCREMENT,
  `DESCRIPCION` varchar(50) COLLATE latin1_spanish_ci DEFAULT NULL,
  `ACTIVO` bit(1) NOT NULL,
  `FECHA_HORA_UPDATE` datetime NOT NULL DEFAULT '1000-01-01 00:00:00',
  PRIMARY KEY (`ID_PROVINCIA`)
) ENGINE=InnoDB AUTO_INCREMENT=0 DEFAULT CHARSET=latin1 COLLATE=latin1_spanish_ci;

#
# Structure for the `gral_localidades` table : 
#

CREATE TABLE `gral_localidades` (
  `ID_LOCALIDAD` int(11) NOT NULL AUTO_INCREMENT,
  `ID_PROVINCIA` int(11) NOT NULL,
  `DESCRIPCION` varchar(50) COLLATE latin1_spanish_ci DEFAULT NULL,
  `CODIGO_POSTAL` varchar(20) COLLATE latin1_spanish_ci DEFAULT NULL,
  `ACTIVO` bit(1) NOT NULL,
  `FECHA_HORA_UPDATE` datetime NOT NULL DEFAULT '1000-01-01 00:00:00',
  PRIMARY KEY (`ID_LOCALIDAD`,`ID_PROVINCIA`),
  KEY `fk_GRAL_LOCALIDADES_GRAL_PROVINCIAS1` (`ID_PROVINCIA`),
  CONSTRAINT `fk_GRAL_LOCALIDADES_GRAL_PROVINCIAS1` FOREIGN KEY (`ID_PROVINCIA`) REFERENCES `gral_provincias` (`ID_PROVINCIA`) ON DELETE NO ACTION ON UPDATE NO ACTION
) ENGINE=InnoDB AUTO_INCREMENT=0 DEFAULT CHARSET=latin1 COLLATE=latin1_spanish_ci;

#
# Structure for the `gral_tipos_doc_identidad` table : 
#

CREATE TABLE `gral_tipos_doc_identidad` (
  `ID_TIPOS_DOC_IDENTIDAD` int(11) NOT NULL,
  `DESCRIPCION` varchar(50) COLLATE latin1_spanish_ci DEFAULT NULL,
  `MASCARA` varchar(50) COLLATE latin1_spanish_ci DEFAULT NULL,
  `ACTIVO` bit(1) NOT NULL,
  `FECHA_HORA_UPDATE` datetime NOT NULL DEFAULT '1000-01-01 00:00:00',
  PRIMARY KEY (`ID_TIPOS_DOC_IDENTIDAD`)
) ENGINE=InnoDB DEFAULT CHARSET=latin1 COLLATE=latin1_spanish_ci;

#
# Structure for the `cpras_proveedores` table : 
#

CREATE TABLE `cpras_proveedores` (
  `ID_PROVEEDOR` int(11) NOT NULL AUTO_INCREMENT,
  `ID_CONDICION_IVA` int(11) NOT NULL COMMENT ' 		\n	 ',
  `NOMBRE` varchar(50) COLLATE latin1_spanish_ci DEFAULT NULL,
  `APELLIDO` varchar(50) COLLATE latin1_spanish_ci DEFAULT NULL,
  `DOCUMENTO_TIPO` int(11) NOT NULL,
  `DOCUMENTO_NRO` varchar(20) COLLATE latin1_spanish_ci DEFAULT NULL,
  `CUIT` varchar(20) COLLATE latin1_spanish_ci DEFAULT NULL,
  `DIRECCION_CALLE` varchar(100) COLLATE latin1_spanish_ci NOT NULL,
  `DIRECCION_NUMERO` varchar(10) COLLATE latin1_spanish_ci DEFAULT NULL,
  `DIRECCION_PISO` int(11) DEFAULT NULL,
  `DIRECCION_DPTO` varchar(10) COLLATE latin1_spanish_ci DEFAULT NULL,
  `TEL_FIJO` varchar(100) COLLATE latin1_spanish_ci DEFAULT NULL,
  `TEL_MOVIL` varchar(100) COLLATE latin1_spanish_ci DEFAULT NULL,
  `EMAIL` varchar(100) COLLATE latin1_spanish_ci DEFAULT NULL,
  `FECHA_ALTA` datetime NOT NULL DEFAULT '1000-01-01 00:00:00',
  `RAZON_SOCIAL` varchar(100) COLLATE latin1_spanish_ci DEFAULT NULL,
  `NOMBRE_FANTASIA` varchar(100) COLLATE latin1_spanish_ci DEFAULT NULL,
  `LIMITE_CREDITO` float DEFAULT NULL,
  `ID_PROVINCIA` int(11) DEFAULT NULL,
  `ID_LOCALIDAD` int(11) DEFAULT NULL,
  `ACTIVO` bit(1) NOT NULL,
  `FECHA_HORA_UPDATE` datetime NOT NULL DEFAULT '1000-01-01 00:00:00',
  PRIMARY KEY (`ID_PROVEEDOR`,`ID_CONDICION_IVA`),
  KEY `fk_CPRAS_PROVEEDORES_GRAL_CONDICIONES_IVA1` (`ID_CONDICION_IVA`),
  KEY `fk_CPRAS_PROVEEDORES_GRAL_LOCALIDADES1` (`ID_LOCALIDAD`),
  KEY `fk_CPRAS_PROVEEDORES_GRAL_PROVINCIAS1` (`ID_PROVINCIA`),
  KEY `fk_CPRAS_PROVEEDORES_GRAL_TIPOS_DOC_IDENTIDAD1` (`DOCUMENTO_TIPO`),
  KEY `ID_PROVEEDOR` (`ID_PROVEEDOR`),
  CONSTRAINT `fk_CPRAS_PROVEEDORES_GRAL_CONDICIONES_IVA1` FOREIGN KEY (`ID_CONDICION_IVA`) REFERENCES `gral_condiciones_iva` (`ID_CONDICION_IVA`) ON DELETE NO ACTION ON UPDATE NO ACTION,
  CONSTRAINT `fk_CPRAS_PROVEEDORES_GRAL_LOCALIDADES1` FOREIGN KEY (`ID_LOCALIDAD`) REFERENCES `gral_localidades` (`ID_LOCALIDAD`) ON DELETE NO ACTION ON UPDATE NO ACTION,
  CONSTRAINT `fk_CPRAS_PROVEEDORES_GRAL_PROVINCIAS1` FOREIGN KEY (`ID_PROVINCIA`) REFERENCES `gral_provincias` (`ID_PROVINCIA`) ON DELETE NO ACTION ON UPDATE NO ACTION,
  CONSTRAINT `fk_CPRAS_PROVEEDORES_GRAL_TIPOS_DOC_IDENTIDAD1` FOREIGN KEY (`DOCUMENTO_TIPO`) REFERENCES `gral_tipos_doc_identidad` (`ID_TIPOS_DOC_IDENTIDAD`) ON DELETE NO ACTION ON UPDATE NO ACTION
) ENGINE=InnoDB AUTO_INCREMENT=0 DEFAULT CHARSET=latin1 COLLATE=latin1_spanish_ci;

#
# Structure for the `invrio_divisiones` table : 
#

CREATE TABLE `invrio_divisiones` (
  `ID_DIVISION` int(11) NOT NULL,
  `DESCRIPCION` varchar(50) COLLATE latin1_spanish_ci DEFAULT NULL,
  `ACTIVO` bit(1) NOT NULL,
  `FECHA_HORA_UPDATE` datetime NOT NULL DEFAULT '1000-01-01 00:00:00',
  PRIMARY KEY (`ID_DIVISION`)
) ENGINE=InnoDB DEFAULT CHARSET=latin1 COLLATE=latin1_spanish_ci;

#
# Structure for the `invrio_lineas` table : 
#

CREATE TABLE `invrio_lineas` (
  `ID_LINEA` int(11) NOT NULL,
  `DESCRIPCION` varchar(50) COLLATE latin1_spanish_ci DEFAULT NULL,
  `ACTIVO` bit(1) NOT NULL,
  `FECHA_HORA_UPDATE` datetime NOT NULL DEFAULT '1000-01-01 00:00:00',
  PRIMARY KEY (`ID_LINEA`)
) ENGINE=InnoDB DEFAULT CHARSET=latin1 COLLATE=latin1_spanish_ci;

#
# Structure for the `invrio_marcas` table : 
#

CREATE TABLE `invrio_marcas` (
  `ID_MARCA` int(11) NOT NULL,
  `DESCRIPCION` varchar(50) COLLATE latin1_spanish_ci DEFAULT NULL,
  `ACTIVO` bit(1) NOT NULL,
  `FECHA_HORA_UPDATE` datetime NOT NULL DEFAULT '1000-01-01 00:00:00',
  PRIMARY KEY (`ID_MARCA`)
) ENGINE=InnoDB DEFAULT CHARSET=latin1 COLLATE=latin1_spanish_ci;

#
# Structure for the `invrio_rubros` table : 
#

CREATE TABLE `invrio_rubros` (
  `ID_RUBRO` int(11) NOT NULL AUTO_INCREMENT,
  `DESCRIPCION` varchar(50) COLLATE latin1_spanish_ci DEFAULT NULL,
  `ACTIVO` bit(1) NOT NULL,
  `FECHA_HORA_UPDATE` datetime NOT NULL DEFAULT '1000-01-01 00:00:00',
  PRIMARY KEY (`ID_RUBRO`)
) ENGINE=InnoDB AUTO_INCREMENT=0 DEFAULT CHARSET=latin1 COLLATE=latin1_spanish_ci;

#
# Structure for the `invrio_subrubros` table : 
#

CREATE TABLE `invrio_subrubros` (
  `ID_SUBRUBRO` int(11) NOT NULL AUTO_INCREMENT,
  `DESCRIPCION` varchar(50) COLLATE latin1_spanish_ci DEFAULT NULL,
  `ACTIVO` bit(1) NOT NULL,
  `FECHA_HORA_UPDATE` datetime NOT NULL DEFAULT '1000-01-01 00:00:00',
  PRIMARY KEY (`ID_SUBRUBRO`)
) ENGINE=InnoDB AUTO_INCREMENT=0 DEFAULT CHARSET=latin1 COLLATE=latin1_spanish_ci;

#
# Structure for the `vtas_impuestos` table : 
#

CREATE TABLE `vtas_impuestos` (
  `ID_IMPUESTO` int(11) NOT NULL AUTO_INCREMENT,
  `DESCRIPCION` varchar(50) COLLATE latin1_spanish_ci DEFAULT NULL,
  `PORCENTAJE` float DEFAULT NULL,
  `MONTO_FIJO` float DEFAULT NULL,
  `ACTIVO` bit(1) NOT NULL,
  `FECHA_HORA_UPDATE` datetime NOT NULL DEFAULT '1000-01-01 00:00:00',
  `ID_GRUPO_IMPUESTO` varchar(50) COLLATE latin1_spanish_ci DEFAULT NULL,
  `IS_DEFAULT` bit(1) NOT NULL,
  PRIMARY KEY (`ID_IMPUESTO`)
) ENGINE=InnoDB AUTO_INCREMENT=0 DEFAULT CHARSET=latin1 COLLATE=latin1_spanish_ci;

#
# Structure for the `invrio_articulos` table : 
#

CREATE TABLE `invrio_articulos` (
  `ID_ARTICULO` int(11) NOT NULL AUTO_INCREMENT,
  `SINONIMO_ARTICULO` varchar(50) COLLATE latin1_spanish_ci DEFAULT NULL,
  `ID_PROVEEDOR` int(11) NOT NULL,
  `ID_MARCA` int(11) DEFAULT NULL,
  `ID_RUBRO` int(11) DEFAULT NULL,
  `ID_SUBRUBRO` int(11) DEFAULT NULL,
  `ID_LINEA` int(11) DEFAULT NULL,
  `ID_DIVISION` int(11) NOT NULL,
  `DESCRIPCION` varchar(100) COLLATE latin1_spanish_ci NOT NULL,
  `FECHA_ALTA` datetime NOT NULL DEFAULT '1000-01-01 00:00:00',
  `PORCENTAJE_MARCKUP_DEFAULT` float DEFAULT NULL,
  `ID_DEPOSITO_DEFAULT` float DEFAULT NULL COMMENT 'NO UTILIZADO',
  `STOCK_DEFAULT` float DEFAULT NULL,
  `PRECIO_COSTO_S_IMPUESTOS` float DEFAULT NULL,
  `PRECIO_COSTO_C_DESC_Y_REC` float DEFAULT NULL COMMENT 'Con Desc. y Recargos incluidos',
  `PRECIO_LISTA_BASE` float DEFAULT NULL,
  `MONTO_IMPUESTO_INTERNO` float DEFAULT NULL,
  `UNIDAD_VENTA` varchar(50) COLLATE latin1_spanish_ci DEFAULT NULL,
  `SUBUNIDADES_POR_UN_VENTA` float DEFAULT NULL,
  `UNIDAD_MINIMA_VENTA` float DEFAULT NULL,
  `STOCK_MINIMO` float DEFAULT NULL,
  `STOCK_MAXIMO` float DEFAULT NULL,
  `PORCENTAJE_MAXIMO_DESCUENTO` float DEFAULT NULL,
  `PORCENTAJE_DESCUENTO_DEFAULT` float DEFAULT NULL,
  `PESO_ESTIMADO` float DEFAULT NULL,
  `ID_ALICUOTA` int(11) NOT NULL,
  `ACTIVO` bit(1) NOT NULL,
  `FECHA_HORA_UPDATE` datetime NOT NULL DEFAULT '1000-01-01 00:00:00',
  PRIMARY KEY (`ID_ARTICULO`,`ID_PROVEEDOR`),
  KEY `fk_INVRIO_ARTICULOS_INVRIO_RUBROS1` (`ID_RUBRO`),
  KEY `fk_INVRIO_ARTICULOS_INVRIO_SUBRUBROS1` (`ID_SUBRUBRO`),
  KEY `fk_INVRIO_ARTICULOS_INVRIO_MARCAS1` (`ID_MARCA`),
  KEY `fk_INVRIO_ARTICULOS_INVRIO_LINEAS1` (`ID_LINEA`),
  KEY `fk_INVRIO_ARTICULOS_INVRIO_DIVISIONES1` (`ID_DIVISION`),
  KEY `fk_INVRIO_ARTICULOS_INVRIO_UNIDADES_VENTA1` (`UNIDAD_VENTA`),
  KEY `fk_INVRIO_ARTICULOS_VTAS_IMPUESTOS1` (`ID_ALICUOTA`),
  CONSTRAINT `fk_INVRIO_ARTICULOS_INVRIO_DIVISIONES1` FOREIGN KEY (`ID_DIVISION`) REFERENCES `invrio_divisiones` (`ID_DIVISION`) ON DELETE NO ACTION ON UPDATE NO ACTION,
  CONSTRAINT `fk_INVRIO_ARTICULOS_INVRIO_LINEAS1` FOREIGN KEY (`ID_LINEA`) REFERENCES `invrio_lineas` (`ID_LINEA`) ON DELETE NO ACTION ON UPDATE NO ACTION,
  CONSTRAINT `fk_INVRIO_ARTICULOS_INVRIO_MARCAS1` FOREIGN KEY (`ID_MARCA`) REFERENCES `invrio_marcas` (`ID_MARCA`) ON DELETE NO ACTION ON UPDATE NO ACTION,
  CONSTRAINT `fk_INVRIO_ARTICULOS_INVRIO_RUBROS1` FOREIGN KEY (`ID_RUBRO`) REFERENCES `invrio_rubros` (`ID_RUBRO`) ON DELETE NO ACTION ON UPDATE NO ACTION,
  CONSTRAINT `fk_INVRIO_ARTICULOS_INVRIO_SUBRUBROS1` FOREIGN KEY (`ID_SUBRUBRO`) REFERENCES `invrio_subrubros` (`ID_SUBRUBRO`) ON DELETE NO ACTION ON UPDATE NO ACTION,
  CONSTRAINT `fk_INVRIO_ARTICULOS_VTAS_IMPUESTOS1` FOREIGN KEY (`ID_ALICUOTA`) REFERENCES `vtas_impuestos` (`ID_IMPUESTO`) ON DELETE NO ACTION ON UPDATE NO ACTION
) ENGINE=InnoDB AUTO_INCREMENT=0 DEFAULT CHARSET=latin1 COLLATE=latin1_spanish_ci;

#
# Structure for the `cpras_articulos_proveedores` table : 
#

CREATE TABLE `cpras_articulos_proveedores` (
  `ID_ARTICULO` int(11) NOT NULL,
  `ID_PROVEEDOR` int(11) NOT NULL,
  `ACTIVO` bit(1) NOT NULL,
  `FECHA_HORA_UPDATE` datetime NOT NULL DEFAULT '1000-01-01 00:00:00',
  PRIMARY KEY (`ID_ARTICULO`,`ID_PROVEEDOR`),
  KEY `fk_CPRAS_ARTICULOS_PROVEEDORES_INVRIO_ARTICULOS1` (`ID_ARTICULO`,`ID_PROVEEDOR`),
  KEY `ID_PROVEEDOR` (`ID_PROVEEDOR`),
  CONSTRAINT `cpras_articulos_proveedores_fk` FOREIGN KEY (`ID_PROVEEDOR`) REFERENCES `cpras_proveedores` (`ID_PROVEEDOR`),
  CONSTRAINT `fk_CPRAS_ARTICULOS_PROVEEDORES_INVRIO_ARTICULOS1` FOREIGN KEY (`ID_ARTICULO`) REFERENCES `invrio_articulos` (`ID_ARTICULO`) ON DELETE NO ACTION ON UPDATE NO ACTION
) ENGINE=InnoDB DEFAULT CHARSET=latin1 COLLATE=latin1_spanish_ci;

#
# Structure for the `vtas_clientes_categoria` table : 
#

CREATE TABLE `vtas_clientes_categoria` (
  `ID_CLIENTE_CATEGORIA` int(11) NOT NULL,
  `DESCRIPCION` varchar(50) COLLATE latin1_spanish_ci DEFAULT NULL,
  `ACTIVO` bit(1) NOT NULL,
  `FECHA_HORA_UPDATE` datetime NOT NULL DEFAULT '1000-01-01 00:00:00',
  PRIMARY KEY (`ID_CLIENTE_CATEGORIA`)
) ENGINE=InnoDB DEFAULT CHARSET=latin1 COLLATE=latin1_spanish_ci;

#
# Structure for the `vtas_clientes_estado` table : 
#

CREATE TABLE `vtas_clientes_estado` (
  `ID_CLIENTE_ESTADO` int(11) NOT NULL,
  `DESCRIPCION` varchar(50) COLLATE latin1_spanish_ci DEFAULT NULL,
  `ACTIVO` bit(1) NOT NULL,
  `FECHA_HORA_UPDATE` datetime NOT NULL DEFAULT '1000-01-01 00:00:00',
  PRIMARY KEY (`ID_CLIENTE_ESTADO`)
) ENGINE=InnoDB DEFAULT CHARSET=latin1 COLLATE=latin1_spanish_ci;

#
# Structure for the `vtas_clientes_grupo` table : 
#

CREATE TABLE `vtas_clientes_grupo` (
  `ID_CLIENTE_GRUPO` int(11) NOT NULL,
  `DESCRIPCION` varchar(50) COLLATE latin1_spanish_ci DEFAULT NULL,
  `ACTIVO` bit(1) NOT NULL,
  `FECHA_HORA_UPDATE` datetime NOT NULL DEFAULT '1000-01-01 00:00:00',
  PRIMARY KEY (`ID_CLIENTE_GRUPO`)
) ENGINE=InnoDB DEFAULT CHARSET=latin1 COLLATE=latin1_spanish_ci;

#
# Structure for the `vtas_clientes_tipo` table : 
#

CREATE TABLE `vtas_clientes_tipo` (
  `ID_CLIENTE_TIPO` int(11) NOT NULL,
  `DESCRIPCION` varchar(50) COLLATE latin1_spanish_ci DEFAULT NULL,
  `ACTIVO` bit(1) NOT NULL,
  `FECHA_HORA_UPDATE` datetime NOT NULL DEFAULT '1000-01-01 00:00:00',
  PRIMARY KEY (`ID_CLIENTE_TIPO`)
) ENGINE=InnoDB DEFAULT CHARSET=latin1 COLLATE=latin1_spanish_ci;

#
# Structure for the `vtas_condiciones_venta` table : 
#

CREATE TABLE `vtas_condiciones_venta` (
  `ID_CONDICION_VENTA` int(11) NOT NULL AUTO_INCREMENT,
  `DESCRIPCION` varchar(50) COLLATE latin1_spanish_ci DEFAULT NULL,
  `CANTIDAD_CUOTAS_DEFAULT` int(11) DEFAULT NULL,
  `DIAS_VENCIMIENTO` int(11) DEFAULT NULL,
  `ACTIVO` bit(1) NOT NULL,
  `FECHA_HORA_UPDATE` datetime NOT NULL DEFAULT '1000-01-01 00:00:00',
  PRIMARY KEY (`ID_CONDICION_VENTA`)
) ENGINE=InnoDB AUTO_INCREMENT=0 DEFAULT CHARSET=latin1 COLLATE=latin1_spanish_ci;

#
# Structure for the `vtas_listas_precios` table : 
#

CREATE TABLE `vtas_listas_precios` (
  `ID_LISTA_PRECIOS` int(11) NOT NULL AUTO_INCREMENT,
  `DESCRIPCION` varchar(50) COLLATE latin1_spanish_ci DEFAULT NULL,
  `PORCENTAJE_UTILIDAD` float DEFAULT NULL,
  `PORCENTAJE_DESC_ADIC` float DEFAULT NULL,
  `PORCENTAJE_RECAR_ADIC` float DEFAULT NULL,
  `APLICA_ALICUOTA_IVA` bit(1) NOT NULL,
  `ID_ALICUOTA_IVA_APLICADA` int(11) DEFAULT NULL,
  `IS_DEFAULT` bit(1) NOT NULL,
  `ACTIVO` bit(1) NOT NULL,
  `FECHA_HORA_UPDATE` datetime NOT NULL DEFAULT '1000-01-01 00:00:00',
  PRIMARY KEY (`ID_LISTA_PRECIOS`),
  KEY `fk_VTAS_LISTAS_PRECIOS_VTAS_IMPUESTOS1` (`ID_ALICUOTA_IVA_APLICADA`),
  CONSTRAINT `fk_VTAS_LISTAS_PRECIOS_VTAS_IMPUESTOS1` FOREIGN KEY (`ID_ALICUOTA_IVA_APLICADA`) REFERENCES `vtas_impuestos` (`ID_IMPUESTO`) ON DELETE NO ACTION ON UPDATE NO ACTION
) ENGINE=InnoDB AUTO_INCREMENT=0 DEFAULT CHARSET=latin1 COLLATE=latin1_spanish_ci;

#
# Structure for the `vtas_vendedores` table : 
#

CREATE TABLE `vtas_vendedores` (
  `ID_VENDEDOR` int(11) NOT NULL AUTO_INCREMENT,
  `NOMBRE` varchar(50) COLLATE latin1_spanish_ci DEFAULT NULL,
  `APELLIDO` varchar(50) COLLATE latin1_spanish_ci DEFAULT NULL,
  `DOCUMENTO_TIPO` int(11) NOT NULL,
  `DOCUMENTO_NRO` varchar(20) COLLATE latin1_spanish_ci DEFAULT NULL,
  `DIR_CALLE` varchar(100) COLLATE latin1_spanish_ci DEFAULT NULL,
  `DIR_NRO` varchar(10) COLLATE latin1_spanish_ci DEFAULT NULL,
  `DIR_PISO` int(11) DEFAULT NULL,
  `DIR_DPTO` varchar(10) COLLATE latin1_spanish_ci DEFAULT NULL,
  `TEL_FIJO` varchar(100) COLLATE latin1_spanish_ci DEFAULT NULL,
  `TEL_MOVIL` varchar(100) COLLATE latin1_spanish_ci DEFAULT NULL,
  `EMAIL` varchar(100) COLLATE latin1_spanish_ci DEFAULT NULL,
  `FECHA_NACIMIENTO` datetime DEFAULT '1000-01-01 00:00:00',
  `FECHA_ALTA` datetime NOT NULL DEFAULT '1000-01-01 00:00:00',
  `PASSWORD` varchar(100) COLLATE latin1_spanish_ci DEFAULT NULL,
  `ID_DEPOSITO` int(11) DEFAULT NULL,
  `ID_VEHICULO` int(11) DEFAULT NULL,
  `ACTIVO` int(11) NOT NULL,
  `FECHA_HORA_UPDATE` datetime NOT NULL DEFAULT '1000-01-01 00:00:00',
  PRIMARY KEY (`ID_VENDEDOR`),
  KEY `fk_VTAS_VENDEDORES_GRAL_TIPOS_DOC_IDENTIDAD1` (`DOCUMENTO_TIPO`),
  CONSTRAINT `fk_VTAS_VENDEDORES_GRAL_TIPOS_DOC_IDENTIDAD1` FOREIGN KEY (`DOCUMENTO_TIPO`) REFERENCES `gral_tipos_doc_identidad` (`ID_TIPOS_DOC_IDENTIDAD`) ON DELETE NO ACTION ON UPDATE NO ACTION
) ENGINE=InnoDB AUTO_INCREMENT=0 DEFAULT CHARSET=latin1 COLLATE=latin1_spanish_ci;

#
# Structure for the `vtas_clientes` table : 
#

CREATE TABLE `vtas_clientes` (
  `ID_CLIENTE` int(11) NOT NULL AUTO_INCREMENT,
  `ID_CONDICION_IVA` int(11) NOT NULL COMMENT ' 		\n	 ',
  `ID_CONDICION_VTA_DEFAULT` int(11) NOT NULL,
  `NOMBRE` varchar(50) COLLATE latin1_spanish_ci DEFAULT NULL,
  `APELLIDO` varchar(50) COLLATE latin1_spanish_ci DEFAULT NULL,
  `DOCUMENTO_TIPO` int(11) NOT NULL,
  `DOCUMENTO_NRO` varchar(20) COLLATE latin1_spanish_ci DEFAULT NULL,
  `CUIT` varchar(20) COLLATE latin1_spanish_ci DEFAULT NULL,
  `DIRECCION_CALLE` varchar(100) COLLATE latin1_spanish_ci NOT NULL,
  `DIRECCION_NUMERO` varchar(10) COLLATE latin1_spanish_ci DEFAULT NULL,
  `DIRECCION_PISO` int(11) DEFAULT NULL,
  `DIRECCION_DPTO` varchar(10) COLLATE latin1_spanish_ci DEFAULT NULL,
  `TEL_FIJO` varchar(100) COLLATE latin1_spanish_ci DEFAULT NULL,
  `TEL_MOVIL` varchar(100) COLLATE latin1_spanish_ci DEFAULT NULL,
  `EMAIL` varchar(100) COLLATE latin1_spanish_ci DEFAULT NULL,
  `CTA_CTE_ACTIVA` bit(1) NOT NULL,
  `FECHA_NACIMIENTO` datetime DEFAULT '1000-01-01 00:00:00',
  `FECHA_ALTA` datetime NOT NULL DEFAULT '1000-01-01 00:00:00',
  `RAZON_SOCIAL` varchar(100) COLLATE latin1_spanish_ci DEFAULT NULL,
  `NOMBRE_FANTASIA` varchar(100) COLLATE latin1_spanish_ci DEFAULT NULL,
  `LIMITE_CREDITO` float DEFAULT NULL,
  `ID_CLIENTE_TIPO` int(11) DEFAULT NULL,
  `ID_CLIENTE_ESTADO` int(11) DEFAULT NULL,
  `ID_CLIENTE_CATEGORIA` int(11) DEFAULT NULL,
  `ID_CLIENTE_GURPO` int(11) DEFAULT NULL,
  `ID_LISTA_PRECIOS` int(11) NOT NULL,
  `ID_VENDEDOR` int(11) NOT NULL,
  `ID_PROVINCIA` int(11) DEFAULT NULL,
  `ID_LOCALIDAD` int(11) DEFAULT NULL,
  `PORCENTAJE_DESC_DEFAULT` float DEFAULT NULL,
  `PORCENTAJE_DESC_MAX` float DEFAULT NULL,
  `ACTIVO` bit(1) NOT NULL,
  `FECHA_HORA_UPDATE` datetime NOT NULL DEFAULT '1000-01-01 00:00:00',
  PRIMARY KEY (`ID_CLIENTE`,`ID_CONDICION_IVA`,`ID_CONDICION_VTA_DEFAULT`),
  KEY `fk_VTAS_CLIENTES_VTAS_LISTAS_PRECIOS` (`ID_LISTA_PRECIOS`),
  KEY `fk_VTAS_CLIENTES_GRAL_CONDICIONES_IVA1` (`ID_CONDICION_IVA`),
  KEY `fk_VTAS_CLIENTES_VTAS_CONDICIONES_VENTA1` (`ID_CONDICION_VTA_DEFAULT`),
  KEY `fk_VTAS_CLIENTES_GRAL_TIPOS_DOC_IDENTIDAD1` (`DOCUMENTO_TIPO`),
  KEY `fk_VTAS_CLIENTES_GRAL_LOCALIDADES1` (`ID_LOCALIDAD`),
  KEY `fk_VTAS_CLIENTES_GRAL_PROVINCIAS1` (`ID_PROVINCIA`),
  KEY `fk_VTAS_CLIENTES_VTAS_CLIENTES_TIPO1` (`ID_CLIENTE_TIPO`),
  KEY `fk_VTAS_CLIENTES_VTAS_CLIENTES_ESTADO1` (`ID_CLIENTE_ESTADO`),
  KEY `fk_VTAS_CLIENTES_VTAS_CLIENTES_CATEGORIA1` (`ID_CLIENTE_CATEGORIA`),
  KEY `fk_VTAS_CLIENTES_VTAS_CLIENTES_GRUPO1` (`ID_CLIENTE_GURPO`),
  KEY `fk_VTAS_CLIENTES_VTAS_VENDEDORES1` (`ID_VENDEDOR`),
  CONSTRAINT `fk_VTAS_CLIENTES_GRAL_CONDICIONES_IVA1` FOREIGN KEY (`ID_CONDICION_IVA`) REFERENCES `gral_condiciones_iva` (`ID_CONDICION_IVA`) ON DELETE NO ACTION ON UPDATE NO ACTION,
  CONSTRAINT `fk_VTAS_CLIENTES_GRAL_LOCALIDADES1` FOREIGN KEY (`ID_LOCALIDAD`) REFERENCES `gral_localidades` (`ID_LOCALIDAD`) ON DELETE NO ACTION ON UPDATE NO ACTION,
  CONSTRAINT `fk_VTAS_CLIENTES_GRAL_PROVINCIAS1` FOREIGN KEY (`ID_PROVINCIA`) REFERENCES `gral_provincias` (`ID_PROVINCIA`) ON DELETE NO ACTION ON UPDATE NO ACTION,
  CONSTRAINT `fk_VTAS_CLIENTES_GRAL_TIPOS_DOC_IDENTIDAD1` FOREIGN KEY (`DOCUMENTO_TIPO`) REFERENCES `gral_tipos_doc_identidad` (`ID_TIPOS_DOC_IDENTIDAD`) ON DELETE NO ACTION ON UPDATE NO ACTION,
  CONSTRAINT `fk_VTAS_CLIENTES_VTAS_CLIENTES_CATEGORIA1` FOREIGN KEY (`ID_CLIENTE_CATEGORIA`) REFERENCES `vtas_clientes_categoria` (`ID_CLIENTE_CATEGORIA`) ON DELETE NO ACTION ON UPDATE NO ACTION,
  CONSTRAINT `fk_VTAS_CLIENTES_VTAS_CLIENTES_ESTADO1` FOREIGN KEY (`ID_CLIENTE_ESTADO`) REFERENCES `vtas_clientes_estado` (`ID_CLIENTE_ESTADO`) ON DELETE NO ACTION ON UPDATE NO ACTION,
  CONSTRAINT `fk_VTAS_CLIENTES_VTAS_CLIENTES_GRUPO1` FOREIGN KEY (`ID_CLIENTE_GURPO`) REFERENCES `vtas_clientes_grupo` (`ID_CLIENTE_GRUPO`) ON DELETE NO ACTION ON UPDATE NO ACTION,
  CONSTRAINT `fk_VTAS_CLIENTES_VTAS_CLIENTES_TIPO1` FOREIGN KEY (`ID_CLIENTE_TIPO`) REFERENCES `vtas_clientes_tipo` (`ID_CLIENTE_TIPO`) ON DELETE NO ACTION ON UPDATE NO ACTION,
  CONSTRAINT `fk_VTAS_CLIENTES_VTAS_CONDICIONES_VENTA1` FOREIGN KEY (`ID_CONDICION_VTA_DEFAULT`) REFERENCES `vtas_condiciones_venta` (`ID_CONDICION_VENTA`) ON DELETE NO ACTION ON UPDATE NO ACTION,
  CONSTRAINT `fk_VTAS_CLIENTES_VTAS_LISTAS_PRECIOS` FOREIGN KEY (`ID_LISTA_PRECIOS`) REFERENCES `vtas_listas_precios` (`ID_LISTA_PRECIOS`) ON DELETE NO ACTION ON UPDATE NO ACTION,
  CONSTRAINT `fk_VTAS_CLIENTES_VTAS_VENDEDORES1` FOREIGN KEY (`ID_VENDEDOR`) REFERENCES `vtas_vendedores` (`ID_VENDEDOR`) ON DELETE NO ACTION ON UPDATE NO ACTION
) ENGINE=InnoDB AUTO_INCREMENT=0 DEFAULT CHARSET=latin1 COLLATE=latin1_spanish_ci;

#
# Structure for the `cta_cte_cobranzas` table : 
#

CREATE TABLE `cta_cte_cobranzas` (
  `NRO_COMPROBANTE_COBRANZA_RECIBO` varchar(8) COLLATE latin1_spanish_ci NOT NULL,
  `NRO_PTO_VTA_COBRANZA_RECIBO` varchar(4) COLLATE latin1_spanish_ci NOT NULL,
  `TIPO_COMPROBANTE_COBRANZA_RECIBO` varchar(3) COLLATE latin1_spanish_ci NOT NULL,
  `LETRA_COMPROBANTE_COBRANZA_RECIBO` char(1) COLLATE latin1_spanish_ci NOT NULL,
  `ID_CLIENTE` int(11) NOT NULL,
  `FECHA_COBRANZA` datetime NOT NULL DEFAULT '1000-01-01 00:00:00',
  `MONTO_TOTAL_IMPUTADO` float NOT NULL,
  `ID_VENDEDOR` int(11) DEFAULT NULL,
  `ACTIVO` bit(1) NOT NULL,
  `FECHA_HORA_UPDATE` datetime NOT NULL DEFAULT '1000-01-01 00:00:00',
  PRIMARY KEY (`NRO_COMPROBANTE_COBRANZA_RECIBO`,`NRO_PTO_VTA_COBRANZA_RECIBO`,`TIPO_COMPROBANTE_COBRANZA_RECIBO`,`LETRA_COMPROBANTE_COBRANZA_RECIBO`),
  KEY `fk_CTA_CTE_COBRANZAS_VTAS_CLIENTES1` (`ID_CLIENTE`),
  KEY `fk_CTA_CTE_COBRANZAS_VTAS_VENDEDORES1` (`ID_VENDEDOR`),
  CONSTRAINT `fk_CTA_CTE_COBRANZAS_VTAS_CLIENTES1` FOREIGN KEY (`ID_CLIENTE`) REFERENCES `vtas_clientes` (`ID_CLIENTE`) ON DELETE NO ACTION ON UPDATE NO ACTION,
  CONSTRAINT `fk_CTA_CTE_COBRANZAS_VTAS_VENDEDORES1` FOREIGN KEY (`ID_VENDEDOR`) REFERENCES `vtas_vendedores` (`ID_VENDEDOR`) ON DELETE NO ACTION ON UPDATE NO ACTION
) ENGINE=InnoDB DEFAULT CHARSET=latin1 COLLATE=latin1_spanish_ci;

#
# Structure for the `cta_cte_comprobantes` table : 
#

CREATE TABLE `cta_cte_comprobantes` (
  `NRO_COMPROBANTE_CTA_CTE` varchar(8) COLLATE latin1_spanish_ci NOT NULL,
  `NRO_PTO_VENTA_CTA_CTE` varchar(4) COLLATE latin1_spanish_ci NOT NULL,
  `TIPO_COMPROBANTE_CTA_CTE` varchar(3) COLLATE latin1_spanish_ci NOT NULL,
  `LETRA_COMPROBANTE_CTA_CTE` char(1) COLLATE latin1_spanish_ci NOT NULL,
  `ID_CLIENTE` int(11) NOT NULL,
  `ID_VENDEDOR` int(11) DEFAULT NULL,
  `CONCEPTO` varchar(100) COLLATE latin1_spanish_ci DEFAULT NULL,
  `FECHA_EMISION` datetime NOT NULL DEFAULT '1000-01-01 00:00:00',
  `FECHA_VENCIMIENTO` datetime DEFAULT '1000-01-01 00:00:00',
  `MONTO_ORIGINAL` float NOT NULL,
  `SALDO` float NOT NULL,
  `NRO_CTA` int(11) NOT NULL,
  `ANULADO` bit(1) NOT NULL DEFAULT b'0',
  `ACTIVO` bit(1) NOT NULL,
  `FECHA_HORA_UPDATE` datetime NOT NULL DEFAULT '1000-01-01 00:00:00',
  PRIMARY KEY (`NRO_COMPROBANTE_CTA_CTE`,`NRO_PTO_VENTA_CTA_CTE`,`TIPO_COMPROBANTE_CTA_CTE`,`LETRA_COMPROBANTE_CTA_CTE`,`NRO_CTA`),
  KEY `fk_CTA_CTE_COMPROBANTES_VTAS_CLIENTES1` (`ID_CLIENTE`),
  KEY `fk_CTA_CTE_COMPROBANTES_VTAS_VENDEDORES1` (`ID_VENDEDOR`),
  CONSTRAINT `fk_CTA_CTE_COMPROBANTES_VTAS_CLIENTES1` FOREIGN KEY (`ID_CLIENTE`) REFERENCES `vtas_clientes` (`ID_CLIENTE`) ON DELETE NO ACTION ON UPDATE NO ACTION,
  CONSTRAINT `fk_CTA_CTE_COMPROBANTES_VTAS_VENDEDORES1` FOREIGN KEY (`ID_VENDEDOR`) REFERENCES `vtas_vendedores` (`ID_VENDEDOR`) ON DELETE NO ACTION ON UPDATE NO ACTION
) ENGINE=InnoDB DEFAULT CHARSET=latin1 COLLATE=latin1_spanish_ci;

#
# Structure for the `cta_cte_documentos_imputados` table : 
#

CREATE TABLE `cta_cte_documentos_imputados` (
  `NRO_COMPROBANTE_COBRANZA_RECIBO` varchar(8) COLLATE latin1_spanish_ci NOT NULL,
  `NRO_PTO_VTA_COBRANZA_RECIBO` varchar(4) COLLATE latin1_spanish_ci NOT NULL,
  `LETRA_COMPROBANTE_COBRANZA_RECIBO` char(1) COLLATE latin1_spanish_ci NOT NULL,
  `TIPO_COMPROBANTE_COBRANZA_RECIBO` varchar(3) COLLATE latin1_spanish_ci NOT NULL,
  `MONTO_IMPUTADO` float NOT NULL,
  `NUMERO_CUOTA` int(11) NOT NULL,
  `ACTIVO` bit(1) NOT NULL,
  `FECHA_HORA_UPDATE` datetime NOT NULL DEFAULT '1000-01-01 00:00:00',
  `NRO_COMPROBANTE_CTA_CTE` varchar(8) COLLATE latin1_spanish_ci NOT NULL,
  `NRO_PTO_VTA_COMPROBANTE_CTA_CTE` varchar(4) COLLATE latin1_spanish_ci NOT NULL,
  `TIPO_COMPROBANTE_CTA_CTE` varchar(3) COLLATE latin1_spanish_ci NOT NULL,
  `LETRA_COMPROBANTE_CTA_CTE` char(1) COLLATE latin1_spanish_ci NOT NULL,
  PRIMARY KEY (`NRO_COMPROBANTE_COBRANZA_RECIBO`,`NRO_PTO_VTA_COBRANZA_RECIBO`,`LETRA_COMPROBANTE_COBRANZA_RECIBO`,`TIPO_COMPROBANTE_COBRANZA_RECIBO`,`NRO_COMPROBANTE_CTA_CTE`,`NRO_PTO_VTA_COMPROBANTE_CTA_CTE`,`TIPO_COMPROBANTE_CTA_CTE`,`LETRA_COMPROBANTE_CTA_CTE`,`NUMERO_CUOTA`),
  KEY `fk_CTA_CTE_DOCUMENTOS_IMPUTADOS_CTA_CTE_COBRANZAS1` (`NRO_COMPROBANTE_COBRANZA_RECIBO`),
  KEY `fk_CTA_CTE_DOCUMENTOS_IMPUTADOS_GRAL_TIPOS_COMPROBANTES1` (`LETRA_COMPROBANTE_COBRANZA_RECIBO`)
) ENGINE=InnoDB DEFAULT CHARSET=latin1 COLLATE=latin1_spanish_ci;

#
# Structure for the `cta_cte_medios_pagos` table : 
#

CREATE TABLE `cta_cte_medios_pagos` (
  `ID_MEDIO_PAGO` int(11) NOT NULL AUTO_INCREMENT,
  `DESCRIPCION` varchar(50) COLLATE latin1_spanish_ci DEFAULT NULL,
  `REQUIERE_BANCO` bit(1) NOT NULL,
  `REQUIERE_BANCO_SUCURSAL` bit(1) NOT NULL,
  `REQUIERE_NRO_CUENTA` bit(1) NOT NULL,
  `REQUIERE_NRO_COMPROBANTE` bit(1) NOT NULL,
  `REQUIERE_NRO_SERIE` bit(1) NOT NULL,
  `REQUIERE_DATOS_TITULAR` bit(1) NOT NULL,
  `REQUIERE_FECHA_VENCIMIENTO` bit(1) NOT NULL,
  `REQUIERE_FECHA_EMICION` bit(1) NOT NULL,
  `REQUIERE_CODIGO_LOCALIDAD` bit(1) NOT NULL,
  `REQUIERE_COTIZACION` bit(1) NOT NULL,
  `REQUIERE_TARJETA` bit(1) NOT NULL,
  `REQUIERE_TARJETA_NUMERO` bit(1) NOT NULL,
  `ACTIVO` bit(1) NOT NULL,
  `FECHA_HORA_UPDATE` datetime NOT NULL DEFAULT '1000-01-01 00:00:00',
  PRIMARY KEY (`ID_MEDIO_PAGO`)
) ENGINE=InnoDB AUTO_INCREMENT=0 DEFAULT CHARSET=latin1 COLLATE=latin1_spanish_ci;

#
# Structure for the `ctable_tipo_movimientos` table : 
#

CREATE TABLE `ctable_tipo_movimientos` (
  `ID_TIPO_MOVIMIENTO` int(11) NOT NULL,
  `DESCRIPCION` varchar(50) COLLATE latin1_spanish_ci DEFAULT NULL,
  `OPERACION_SUMA` bit(1) NOT NULL,
  `OPERACION_RESTA` bit(1) NOT NULL,
  `ACTIVO` bit(1) NOT NULL,
  `FECHA_HORA_UPDATE` datetime NOT NULL DEFAULT '1000-01-01 00:00:00',
  PRIMARY KEY (`ID_TIPO_MOVIMIENTO`)
) ENGINE=InnoDB DEFAULT CHARSET=latin1 COLLATE=latin1_spanish_ci;

#
# Structure for the `ctble_caja` table : 
#

CREATE TABLE `ctble_caja` (
  `ID_CAJA` int(11) NOT NULL AUTO_INCREMENT,
  `FECHA_HORA_INICIO` datetime NOT NULL DEFAULT '1000-01-01 00:00:00',
  `FECHA_HORA_CIERRE` datetime NOT NULL DEFAULT '1000-01-01 00:00:00',
  `MONTO_INICIO` float NOT NULL,
  `MONTO_CIERRE` float NOT NULL,
  `CERRADA` bit(1) NOT NULL DEFAULT b'0',
  `ACTIVO` bit(1) NOT NULL,
  `FECHA_HORA_UPDATE` datetime NOT NULL DEFAULT '1000-01-01 00:00:00',
  PRIMARY KEY (`ID_CAJA`)
) ENGINE=InnoDB AUTO_INCREMENT=0 DEFAULT CHARSET=latin1 COLLATE=latin1_spanish_ci;

#
# Structure for the `ctble_caja_movimientos` table : 
#

CREATE TABLE `ctble_caja_movimientos` (
  `ID_CAJA_MOVIMIENTO` int(11) NOT NULL AUTO_INCREMENT,
  `ID_CAJA` int(11) NOT NULL,
  `FECHA_HORA_MOVIMIENTO` datetime NOT NULL DEFAULT '1000-01-01 00:00:00',
  `TIPO_MOVIMIENTO` int(11) NOT NULL,
  `ID_SUJETO_ENTIDAD` int(11) DEFAULT NULL,
  `CONCEPTO` varchar(100) COLLATE latin1_spanish_ci DEFAULT NULL,
  `IMPORTE` float DEFAULT NULL,
  `ACTIVO` bit(1) NOT NULL,
  `FECHA_HORA_UPDATE` datetime NOT NULL DEFAULT '1000-01-01 00:00:00',
  PRIMARY KEY (`ID_CAJA_MOVIMIENTO`,`ID_CAJA`),
  KEY `fk_CTBLE_CAJA_MOVIMIENTOS_CTBLE_CAJA1` (`ID_CAJA`),
  KEY `fk_CTBLE_CAJA_MOVIMIENTOS_CTABLE_TIPO_MOVIMIENTOS1` (`TIPO_MOVIMIENTO`),
  KEY `fk_CTBLE_CAJA_MOVIMIENTOS_CTBLE_TIPO_MOVIMIENTOS1` (`TIPO_MOVIMIENTO`),
  CONSTRAINT `fk_CTBLE_CAJA_MOVIMIENTOS_CTBLE_CAJA1` FOREIGN KEY (`ID_CAJA`) REFERENCES `ctble_caja` (`ID_CAJA`) ON DELETE NO ACTION ON UPDATE NO ACTION,
  CONSTRAINT `fk_CTBLE_CAJA_MOVIMIENTOS_CTBLE_TIPO_MOVIMIENTOS1` FOREIGN KEY (`TIPO_MOVIMIENTO`) REFERENCES `ctable_tipo_movimientos` (`ID_TIPO_MOVIMIENTO`) ON DELETE NO ACTION ON UPDATE NO ACTION
) ENGINE=InnoDB AUTO_INCREMENT=0 DEFAULT CHARSET=latin1 COLLATE=latin1_spanish_ci;

#
# Structure for the `gral_bancos` table : 
#

CREATE TABLE `gral_bancos` (
  `ID_BANCO` int(11) NOT NULL,
  `DESCRIPCION` varchar(50) COLLATE latin1_spanish_ci DEFAULT NULL,
  `ACTIVO` bit(1) NOT NULL,
  `FECHA_HORA_UPDATE` datetime NOT NULL DEFAULT '1000-01-01 00:00:00',
  PRIMARY KEY (`ID_BANCO`)
) ENGINE=InnoDB DEFAULT CHARSET=latin1 COLLATE=latin1_spanish_ci;

#
# Structure for the `gral_tarjetas` table : 
#

CREATE TABLE `gral_tarjetas` (
  `ID_TARJETA` int(11) NOT NULL,
  `DESCRIPCION` varchar(50) COLLATE latin1_spanish_ci DEFAULT NULL,
  `ACTIVO` bit(1) NOT NULL,
  `FECHA_HORA_UPDATE` datetime NOT NULL DEFAULT '1000-01-01 00:00:00',
  PRIMARY KEY (`ID_TARJETA`)
) ENGINE=InnoDB DEFAULT CHARSET=latin1 COLLATE=latin1_spanish_ci;

#
# Structure for the `gral_detalle_pagos` table : 
#

CREATE TABLE `gral_detalle_pagos` (
  `ID_DETALLE_PAGO` int(11) NOT NULL AUTO_INCREMENT,
  `NRO_COMPROBANTE` varchar(8) COLLATE latin1_spanish_ci NOT NULL,
  `NRO_PTO_VENTA` varchar(4) COLLATE latin1_spanish_ci NOT NULL,
  `LETRA_COMPROBANTE` char(1) COLLATE latin1_spanish_ci NOT NULL,
  `TIPO_COMPROBANTE` varchar(3) COLLATE latin1_spanish_ci NOT NULL,
  `ID_MEDIO_DE_PAGO` int(11) NOT NULL,
  `MED_PAG_ID_BANCO` int(11) DEFAULT NULL,
  `MED_PAG_ID_TARJETA` int(11) DEFAULT NULL,
  `MED_PAG_BANCO_SUCURSAL` varchar(50) COLLATE latin1_spanish_ci DEFAULT NULL,
  `MED_PAG_NRO_CUENTA` varchar(50) COLLATE latin1_spanish_ci DEFAULT NULL,
  `MED_PAG_NRO_COMPROBANTE` varchar(50) COLLATE latin1_spanish_ci DEFAULT NULL,
  `MED_PAG_NRO_SERIE` varchar(50) COLLATE latin1_spanish_ci DEFAULT NULL,
  `MED_PAG_TITULAR_NOMBRE` varchar(50) COLLATE latin1_spanish_ci DEFAULT NULL,
  `MED_PAG_TITULAR_NRO_DOC` varchar(50) COLLATE latin1_spanish_ci DEFAULT NULL,
  `MED_PAG_FECHA_EMICION` datetime DEFAULT '1000-01-01 00:00:00',
  `MED_PAG_FECHA_VENCIMIENTO` datetime DEFAULT '1000-01-01 00:00:00',
  `MED_PAG_CODIGO_LOCALIDAD` varchar(50) COLLATE latin1_spanish_ci DEFAULT NULL,
  `MED_PAG_COTIZACION` float DEFAULT NULL,
  `MED_PAG_TARJETA_NRO` varchar(50) COLLATE latin1_spanish_ci DEFAULT NULL,
  `MED_PAG_IMPORTE` float DEFAULT NULL,
  `ACTIVO` bit(1) NOT NULL,
  `FECHA_HORA_UPDATE` datetime NOT NULL DEFAULT '1000-01-01 00:00:00',
  PRIMARY KEY (`ID_DETALLE_PAGO`,`TIPO_COMPROBANTE`,`LETRA_COMPROBANTE`,`NRO_PTO_VENTA`,`NRO_COMPROBANTE`,`ID_MEDIO_DE_PAGO`),
  KEY `fk_GRAL_DETALLE_PAGOS_GRAL_TARJETAS1` (`MED_PAG_ID_TARJETA`),
  KEY `fk_GRAL_DETALLE_PAGOS_GRAL_BANCOS1` (`MED_PAG_ID_BANCO`),
  KEY `fk_GRAL_DETALLE_PAGOS_VTAS_COMPROBANTES_CABECERA1` (`NRO_COMPROBANTE`),
  KEY `fk_GRAL_DETALLE_PAGOS_CTA_CTE_MEDIOS_PAGOS1` (`ID_MEDIO_DE_PAGO`),
  KEY `fk_GRAL_DETALLE_PAGOS_GRAL_TARJETAS2` (`MED_PAG_ID_TARJETA`),
  KEY `fk_GRAL_DETALLE_PAGOS_GRAL_BANCOS2` (`MED_PAG_ID_BANCO`),
  KEY `fk_GRAL_DETALLE_PAGOS_CTA_CTE_MEDIOS_PAGOS2` (`ID_MEDIO_DE_PAGO`),
  CONSTRAINT `fk_GRAL_DETALLE_PAGOS_CTA_CTE_MEDIOS_PAGOS2` FOREIGN KEY (`ID_MEDIO_DE_PAGO`) REFERENCES `cta_cte_medios_pagos` (`ID_MEDIO_PAGO`) ON DELETE NO ACTION ON UPDATE NO ACTION,
  CONSTRAINT `fk_GRAL_DETALLE_PAGOS_GRAL_BANCOS2` FOREIGN KEY (`MED_PAG_ID_BANCO`) REFERENCES `gral_bancos` (`ID_BANCO`) ON DELETE NO ACTION ON UPDATE NO ACTION,
  CONSTRAINT `fk_GRAL_DETALLE_PAGOS_GRAL_TARJETAS2` FOREIGN KEY (`MED_PAG_ID_TARJETA`) REFERENCES `gral_tarjetas` (`ID_TARJETA`) ON DELETE NO ACTION ON UPDATE NO ACTION
) ENGINE=InnoDB AUTO_INCREMENT=0 DEFAULT CHARSET=latin1 COLLATE=latin1_spanish_ci;

#
# Structure for the `gral_empresas` table : 
#

CREATE TABLE `gral_empresas` (
  `ID_EMPRESA` int(11) NOT NULL,
  `RAZON_SOCIAL` varchar(100) COLLATE latin1_spanish_ci DEFAULT NULL,
  `NOMBRE_FANTASIA` varchar(100) COLLATE latin1_spanish_ci DEFAULT NULL,
  `NRO_PUNTO_VTA` varchar(4) COLLATE latin1_spanish_ci DEFAULT NULL,
  `FECHA_INICIO_ACTIVIDADES` varchar(10) COLLATE latin1_spanish_ci DEFAULT NULL,
  `DIRECCION` varchar(100) COLLATE latin1_spanish_ci DEFAULT NULL,
  `ID_LOCALIDAD` int(11) DEFAULT NULL,
  `ID_PROVINCIA` int(11) DEFAULT NULL,
  `ID_PAIS` int(11) DEFAULT NULL,
  `COD_POST` varchar(10) COLLATE latin1_spanish_ci DEFAULT NULL,
  `DOCUMENTO_TIPO` int(11) DEFAULT NULL,
  `DOCUMENTO_NRO` varchar(20) COLLATE latin1_spanish_ci DEFAULT NULL,
  `ID_CONDICION_IVA` int(11) DEFAULT NULL,
  `TELEFONO_1` varchar(100) COLLATE latin1_spanish_ci DEFAULT NULL,
  `TELEFONO_2` varchar(100) COLLATE latin1_spanish_ci DEFAULT NULL,
  `EMAIL` varchar(100) COLLATE latin1_spanish_ci DEFAULT NULL,
  `WEB` varchar(100) COLLATE latin1_spanish_ci DEFAULT NULL,
  `ACTIVO` bit(1) NOT NULL,
  `FECHA_HORA_UPDATE` datetime NOT NULL DEFAULT '1000-01-01 00:00:00',
  PRIMARY KEY (`ID_EMPRESA`)
) ENGINE=InnoDB DEFAULT CHARSET=latin1 COLLATE=latin1_spanish_ci;

#
# Structure for the `gral_nros_correlativos_comprobantes` table : 
#

CREATE TABLE `gral_nros_correlativos_comprobantes` (
  `ID_TIPO_COMPROBANTE` varchar(3) NOT NULL,
  `LETRA_COMPROBANTE` varchar(1) NOT NULL,
  `NRO_PTO_VENTA` varchar(4) NOT NULL,
  `NRO_COMPROBANTE` varchar(8) NOT NULL,
  `ACTIVO` bit(1) NOT NULL,
  `FECHA_HORA_UPDATE` datetime NOT NULL DEFAULT '1000-01-01 00:00:00',
  PRIMARY KEY (`NRO_PTO_VENTA`,`ID_TIPO_COMPROBANTE`,`LETRA_COMPROBANTE`,`NRO_COMPROBANTE`)
) ENGINE=InnoDB DEFAULT CHARSET=latin1;

#
# Structure for the `gral_tipos_comprobantes` table : 
#

CREATE TABLE `gral_tipos_comprobantes` (
  `ID_TIPO_COMPROBANTE` varchar(3) NOT NULL,
  `DESCRIPCION` varchar(50) DEFAULT NULL,
  `ACTIVO` bit(1) NOT NULL,
  `FECHA_HORA_UPDATE` datetime NOT NULL DEFAULT '1000-01-01 00:00:00',
  PRIMARY KEY (`ID_TIPO_COMPROBANTE`)
) ENGINE=InnoDB DEFAULT CHARSET=latin1;

#
# Structure for the `invrio_depositos` table : 
#

CREATE TABLE `invrio_depositos` (
  `ID_DEPOSITO` int(11) NOT NULL AUTO_INCREMENT,
  `DESCRIPCION` varchar(50) COLLATE latin1_spanish_ci DEFAULT NULL,
  `PRINCIPAL` bit(1) NOT NULL,
  `FIJO` bit(1) DEFAULT NULL,
  `MOVIL` bit(1) DEFAULT NULL,
  `ACTIVO` bit(1) NOT NULL,
  `FECHA_HORA_UPDATE` datetime NOT NULL DEFAULT '1000-01-01 00:00:00',
  PRIMARY KEY (`ID_DEPOSITO`)
) ENGINE=InnoDB AUTO_INCREMENT=0 DEFAULT CHARSET=latin1 COLLATE=latin1_spanish_ci;

#
# Structure for the `invrio_stock_depositos` table : 
#

CREATE TABLE `invrio_stock_depositos` (
  `ID_DEPOSITO` int(11) NOT NULL,
  `ID_ARTICULO` int(11) NOT NULL,
  `STOCK` float NOT NULL,
  `ACTIVO` bit(1) NOT NULL,
  `FECHA_HORA_UPDATE` datetime NOT NULL DEFAULT '1000-01-01 00:00:00',
  PRIMARY KEY (`ID_DEPOSITO`,`ID_ARTICULO`),
  KEY `fk_INVRIO_STOCK_DEPOSITOS_INVRIO_DEPOSITOS1` (`ID_DEPOSITO`),
  KEY `fk_INVRIO_STOCK_DEPOSITOS_INVRIO_ARTICULOS2` (`ID_ARTICULO`),
  CONSTRAINT `fk_INVRIO_STOCK_DEPOSITOS_INVRIO_ARTICULOS2` FOREIGN KEY (`ID_ARTICULO`) REFERENCES `invrio_articulos` (`ID_ARTICULO`) ON DELETE NO ACTION ON UPDATE NO ACTION,
  CONSTRAINT `fk_INVRIO_STOCK_DEPOSITOS_INVRIO_DEPOSITOS1` FOREIGN KEY (`ID_DEPOSITO`) REFERENCES `invrio_depositos` (`ID_DEPOSITO`) ON DELETE NO ACTION ON UPDATE NO ACTION
) ENGINE=InnoDB DEFAULT CHARSET=latin1 COLLATE=latin1_spanish_ci;

#
# Structure for the `invrio_unidades_venta` table : 
#

CREATE TABLE `invrio_unidades_venta` (
  `ID_UNIDAD_VENTA` int(11) NOT NULL,
  `DESCRIPCION` varchar(50) COLLATE latin1_spanish_ci DEFAULT NULL,
  `ACTIVO` bit(1) NOT NULL,
  `FECHA_HORA_UPDATE` datetime NOT NULL DEFAULT '1000-01-01 00:00:00',
  PRIMARY KEY (`ID_UNIDAD_VENTA`)
) ENGINE=InnoDB DEFAULT CHARSET=latin1 COLLATE=latin1_spanish_ci;

#
# Structure for the `ruteo_actividades` table : 
#

CREATE TABLE `ruteo_actividades` (
  `ID_RUTEO_ACTIVIDAD` int(11) NOT NULL,
  `DESCRIPCION` varchar(50) COLLATE latin1_spanish_ci DEFAULT NULL,
  `ACTIVO` bit(1) NOT NULL,
  `FECHA_HORA_UPDATE` datetime NOT NULL DEFAULT '1000-01-01 00:00:00',
  PRIMARY KEY (`ID_RUTEO_ACTIVIDAD`)
) ENGINE=InnoDB DEFAULT CHARSET=latin1 COLLATE=latin1_spanish_ci;

#
# Structure for the `ruteo_grupos` table : 
#

CREATE TABLE `ruteo_grupos` (
  `ID_RUTEO_GRUPO` int(11) NOT NULL,
  `DESCRIPCION` varchar(50) COLLATE latin1_spanish_ci DEFAULT NULL,
  `ACTIVO` bit(1) NOT NULL,
  `FECHA_HORA_UPDATE` datetime NOT NULL DEFAULT '1000-01-01 00:00:00',
  PRIMARY KEY (`ID_RUTEO_GRUPO`)
) ENGINE=InnoDB DEFAULT CHARSET=latin1 COLLATE=latin1_spanish_ci COMMENT='ej: LUNES, MARTES, ...';

#
# Structure for the `ruteo_rutas` table : 
#

CREATE TABLE `ruteo_rutas` (
  `ID_RUTEO_GRUPO` int(11) NOT NULL COMMENT 'Relacionado con los registros de la tabla Ruteo_Grupos (Ej: Dias de Visita - Lunes, Martes, Miercoles...)',
  `ID_RUTEO_VENDEDOR` int(11) NOT NULL,
  `ID_RUTEO_CLIENTE` int(11) NOT NULL,
  `ID_RUTEO_ACTIVIDAD` int(11) NOT NULL COMMENT 'Define si es un ruteo para Preventa, Venta Directa, Cobranza, Reparto, etc.. (FK a tabla RUTEO_ACTIVIDADES)\n',
  `ORDEN_DE_VISITA` int(11) DEFAULT NULL COMMENT 'Para establecer el orden de visita con numeros.',
  `ACTIVO` bit(1) NOT NULL,
  `FECHA_HORA_UPDATE` datetime NOT NULL DEFAULT '1000-01-01 00:00:00',
  PRIMARY KEY (`ID_RUTEO_GRUPO`,`ID_RUTEO_VENDEDOR`,`ID_RUTEO_CLIENTE`,`ID_RUTEO_ACTIVIDAD`),
  KEY `fk_RUTEO_RUTAS_RUTEO_GRUPOS1` (`ID_RUTEO_GRUPO`),
  KEY `fk_RUTEO_RUTAS_RUTEO_ACTIVIDADES1` (`ID_RUTEO_ACTIVIDAD`),
  KEY `fk_RUTEO_RUTAS_VTAS_VENDEDORES1` (`ID_RUTEO_VENDEDOR`),
  KEY `fk_RUTEO_RUTAS_VTAS_CLIENTES1` (`ID_RUTEO_CLIENTE`),
  CONSTRAINT `fk_RUTEO_RUTAS_RUTEO_ACTIVIDADES1` FOREIGN KEY (`ID_RUTEO_ACTIVIDAD`) REFERENCES `ruteo_actividades` (`ID_RUTEO_ACTIVIDAD`) ON DELETE NO ACTION ON UPDATE NO ACTION,
  CONSTRAINT `fk_RUTEO_RUTAS_RUTEO_GRUPOS1` FOREIGN KEY (`ID_RUTEO_GRUPO`) REFERENCES `ruteo_grupos` (`ID_RUTEO_GRUPO`) ON DELETE NO ACTION ON UPDATE NO ACTION,
  CONSTRAINT `fk_RUTEO_RUTAS_VTAS_CLIENTES1` FOREIGN KEY (`ID_RUTEO_CLIENTE`) REFERENCES `vtas_clientes` (`ID_CLIENTE`) ON DELETE NO ACTION ON UPDATE NO ACTION,
  CONSTRAINT `fk_RUTEO_RUTAS_VTAS_VENDEDORES1` FOREIGN KEY (`ID_RUTEO_VENDEDOR`) REFERENCES `vtas_vendedores` (`ID_VENDEDOR`) ON DELETE NO ACTION ON UPDATE NO ACTION
) ENGINE=InnoDB DEFAULT CHARSET=latin1 COLLATE=latin1_spanish_ci;

#
# Structure for the `ruteo_vendedores_clientes` table : 
#

CREATE TABLE `ruteo_vendedores_clientes` (
  `ID_RUTEO_VENDEDOR` int(11) NOT NULL,
  `ID_RUTEO_CLIENTE` int(11) NOT NULL,
  `ACTIVO` bit(1) NOT NULL,
  `FECHA_HORA_UPDATE` datetime NOT NULL DEFAULT '1000-01-01 00:00:00',
  PRIMARY KEY (`ID_RUTEO_VENDEDOR`,`ID_RUTEO_CLIENTE`),
  KEY `fk_RUTEO_VENDEDORES_CLIENTES_VTAS_VENDEDORES1` (`ID_RUTEO_VENDEDOR`),
  KEY `fk_RUTEO_VENDEDORES_CLIENTES_VTAS_CLIENTES1` (`ID_RUTEO_CLIENTE`),
  CONSTRAINT `fk_RUTEO_VENDEDORES_CLIENTES_VTAS_CLIENTES1` FOREIGN KEY (`ID_RUTEO_CLIENTE`) REFERENCES `vtas_clientes` (`ID_CLIENTE`) ON DELETE NO ACTION ON UPDATE NO ACTION,
  CONSTRAINT `fk_RUTEO_VENDEDORES_CLIENTES_VTAS_VENDEDORES1` FOREIGN KEY (`ID_RUTEO_VENDEDOR`) REFERENCES `vtas_vendedores` (`ID_VENDEDOR`) ON DELETE NO ACTION ON UPDATE NO ACTION
) ENGINE=InnoDB DEFAULT CHARSET=latin1 COLLATE=latin1_spanish_ci;

#
# Structure for the `sgdad_perfiles` table : 
#

CREATE TABLE `sgdad_perfiles` (
  `ID_PERFIL` int(11) NOT NULL AUTO_INCREMENT,
  `DESCRIPCION` varchar(50) COLLATE latin1_spanish_ci DEFAULT NULL,
  `ACTIVO` bit(1) NOT NULL,
  `FECHA_HORA_UPDATE` datetime NOT NULL DEFAULT '1000-01-01 00:00:00',
  PRIMARY KEY (`ID_PERFIL`)
) ENGINE=InnoDB AUTO_INCREMENT=0 DEFAULT CHARSET=latin1 COLLATE=latin1_spanish_ci;

#
# Structure for the `sgdad_usuarios` table : 
#

CREATE TABLE `sgdad_usuarios` (
  `ID_USUARIO` int(11) NOT NULL AUTO_INCREMENT,
  `ID_PERFIL` int(11) DEFAULT NULL,
  `NOMBRE` varchar(50) COLLATE latin1_spanish_ci DEFAULT NULL,
  `APELLIDO` varchar(50) COLLATE latin1_spanish_ci DEFAULT NULL,
  `APODO` varchar(50) COLLATE latin1_spanish_ci DEFAULT NULL,
  `PASSWORD` varchar(100) COLLATE latin1_spanish_ci DEFAULT NULL,
  `EMAIL` varchar(100) COLLATE latin1_spanish_ci DEFAULT NULL,
  `FECHA_ALTA` datetime NOT NULL DEFAULT '1000-01-01 00:00:00',
  `ACTIVO` bit(1) NOT NULL,
  `FECHA_HORA_UPDATE` datetime NOT NULL DEFAULT '1000-01-01 00:00:00',
  PRIMARY KEY (`ID_USUARIO`),
  KEY `fk_SGDAD_USUARIOS_SGDAD_PERFILES1` (`ID_PERFIL`),
  CONSTRAINT `fk_SGDAD_USUARIOS_SGDAD_PERFILES1` FOREIGN KEY (`ID_PERFIL`) REFERENCES `sgdad_perfiles` (`ID_PERFIL`) ON DELETE NO ACTION ON UPDATE NO ACTION
) ENGINE=InnoDB AUTO_INCREMENT=0 DEFAULT CHARSET=latin1 COLLATE=latin1_spanish_ci;

#
# Structure for the `sgdad_log` table : 
#

CREATE TABLE `sgdad_log` (
  `ID_LOG` int(11) NOT NULL,
  `ID_USUARIO` int(11) NOT NULL,
  `ID_PROCESO` int(11) NOT NULL,
  `FECHA_PROCESO` datetime NOT NULL DEFAULT '1000-01-01 00:00:00',
  `ACTIVO` bit(1) NOT NULL,
  `FECHA_HORA_UPDATE` datetime NOT NULL DEFAULT '1000-01-01 00:00:00',
  PRIMARY KEY (`ID_LOG`,`ID_USUARIO`,`ID_PROCESO`),
  KEY `fk_SGDAD_LOG_SGDAD_USUARIOS1` (`ID_USUARIO`),
  CONSTRAINT `fk_SGDAD_LOG_SGDAD_USUARIOS1` FOREIGN KEY (`ID_USUARIO`) REFERENCES `sgdad_usuarios` (`ID_USUARIO`) ON DELETE NO ACTION ON UPDATE NO ACTION
) ENGINE=InnoDB DEFAULT CHARSET=latin1 COLLATE=latin1_spanish_ci;

#
# Structure for the `sgdad_permisos` table : 
#

CREATE TABLE `sgdad_permisos` (
  `ID_PERMISO` int(11) NOT NULL,
  `DESCRIPCION` varchar(50) COLLATE latin1_spanish_ci DEFAULT NULL,
  `ACTIVO` bit(1) NOT NULL,
  `FECHA_HORA_UPDATE` datetime NOT NULL DEFAULT '1000-01-01 00:00:00',
  PRIMARY KEY (`ID_PERMISO`)
) ENGINE=InnoDB DEFAULT CHARSET=latin1 COLLATE=latin1_spanish_ci;

#
# Structure for the `sgdad_perfiles_permisos` table : 
#

CREATE TABLE `sgdad_perfiles_permisos` (
  `ID_PERFIL` int(11) NOT NULL,
  `ID_PERMISO` int(11) NOT NULL,
  `ACTIVO` bit(1) NOT NULL,
  `FECHA_HORA_UPDATE` datetime NOT NULL DEFAULT '1000-01-01 00:00:00',
  PRIMARY KEY (`ID_PERFIL`,`ID_PERMISO`),
  KEY `fk_SGDAD_PERFILES_PERMISOS_SGDAD_PERFILES1` (`ID_PERFIL`),
  KEY `fk_SGDAD_PERFILES_PERMISOS_SGDAD_PERMISOS1` (`ID_PERMISO`),
  CONSTRAINT `fk_SGDAD_PERFILES_PERMISOS_SGDAD_PERFILES1` FOREIGN KEY (`ID_PERFIL`) REFERENCES `sgdad_perfiles` (`ID_PERFIL`) ON DELETE NO ACTION ON UPDATE NO ACTION,
  CONSTRAINT `fk_SGDAD_PERFILES_PERMISOS_SGDAD_PERMISOS1` FOREIGN KEY (`ID_PERMISO`) REFERENCES `sgdad_permisos` (`ID_PERMISO`) ON DELETE NO ACTION ON UPDATE NO ACTION
) ENGINE=InnoDB DEFAULT CHARSET=latin1 COLLATE=latin1_spanish_ci;

#
# Structure for the `vtas_comprobantes_cabecera` table : 
#

CREATE TABLE `vtas_comprobantes_cabecera` (
  `NRO_COMPROBANTE` varchar(8) COLLATE latin1_spanish_ci NOT NULL,
  `NRO_PTO_VENTA` varchar(4) COLLATE latin1_spanish_ci NOT NULL,
  `ID_CLIENTE` int(11) NOT NULL,
  `ID_VENDEDOR` int(11) NOT NULL,
  `ID_TIPO_COMPROBANTE` varchar(3) COLLATE latin1_spanish_ci NOT NULL,
  `ID_CONDICION_VENTA` int(11) NOT NULL,
  `ID_EMPRESA` int(11) DEFAULT NULL,
  `ID_LISTA_PRECIOS` int(11) NOT NULL,
  `ID_RUTA` int(11) DEFAULT NULL,
  `FECHA_HORA_COMPROBANTE` datetime NOT NULL DEFAULT '1000-01-01 00:00:00',
  `FECHA_ENTREGA` datetime NOT NULL DEFAULT '1000-01-01 00:00:00',
  `MONTO_TOTAL_CON_DESC_IMP` float NOT NULL,
  `MONTO_TOTAL_SIN_DESC_IMP` float NOT NULL,
  `CANTIDAD_TOTAL_ITEMS` float DEFAULT NULL,
  `OBSERVACIONES` varchar(100) COLLATE latin1_spanish_ci DEFAULT NULL,
  `DESCUENTO_TOTAL_APLICADO` float DEFAULT NULL,
  `RECARGO_TOTAL_APLICADO` float DEFAULT NULL,
  `LETRA_COMPROBANTE` char(1) COLLATE latin1_spanish_ci NOT NULL,
  `CANTIDAD_CUOTAS` int(11) DEFAULT NULL,
  `NRO_COMPROBANTE_CANCELADO` varchar(8) COLLATE latin1_spanish_ci DEFAULT NULL,
  `NRO_PTO_VENTA_CANCELADO` varchar(4) COLLATE latin1_spanish_ci DEFAULT NULL,
  `ID_TIPO_COMPROBANTE_CANCELADO` varchar(3) COLLATE latin1_spanish_ci DEFAULT NULL,
  `LETRA_COMPROBANTE_CANCELADO` char(1) COLLATE latin1_spanish_ci DEFAULT NULL,
  `IMPORTE_IVA_27` float NOT NULL DEFAULT '0',
  `IMPORTE_IVA_21` float NOT NULL DEFAULT '0',
  `IMPORTE_IVA_105` float NOT NULL DEFAULT '0',
  `ANULADO` bit(1) NOT NULL DEFAULT b'0',
  `FECHA_HORA_UPDATE` datetime NOT NULL DEFAULT '1000-01-01 00:00:00',
  `ACTIVO` bit(1) NOT NULL,
  PRIMARY KEY (`NRO_COMPROBANTE`,`NRO_PTO_VENTA`,`LETRA_COMPROBANTE`,`ID_TIPO_COMPROBANTE`),
  KEY `fk_VTAS_COMPROBANTES_CABECERA_VTAS_CONDICIONES_VENTA1` (`ID_CONDICION_VENTA`),
  KEY `fk_VTAS_COMPROBANTES_CABECERA_VTAS_CLIENTES1` (`ID_CLIENTE`),
  KEY `fk_VTAS_COMPROBANTES_CABECERA_VTAS_VENDEDORES1` (`ID_VENDEDOR`),
  KEY `fk_VTAS_COMPROBANTES_CABECERA_GRAL_TIPOS_COMPROBANTES1` (`ID_TIPO_COMPROBANTE`),
  KEY `fk_VTAS_COMPROBANTES_CABECERA_VTAS_LISTAS_PRECIOS1` (`ID_LISTA_PRECIOS`),
  CONSTRAINT `fk_VTAS_COMPROBANTES_CABECERA_VTAS_CLIENTES1` FOREIGN KEY (`ID_CLIENTE`) REFERENCES `vtas_clientes` (`ID_CLIENTE`) ON DELETE NO ACTION ON UPDATE NO ACTION,
  CONSTRAINT `fk_VTAS_COMPROBANTES_CABECERA_VTAS_CONDICIONES_VENTA1` FOREIGN KEY (`ID_CONDICION_VENTA`) REFERENCES `vtas_condiciones_venta` (`ID_CONDICION_VENTA`) ON DELETE NO ACTION ON UPDATE NO ACTION,
  CONSTRAINT `fk_VTAS_COMPROBANTES_CABECERA_VTAS_LISTAS_PRECIOS1` FOREIGN KEY (`ID_LISTA_PRECIOS`) REFERENCES `vtas_listas_precios` (`ID_LISTA_PRECIOS`) ON DELETE NO ACTION ON UPDATE NO ACTION,
  CONSTRAINT `fk_VTAS_COMPROBANTES_CABECERA_VTAS_VENDEDORES1` FOREIGN KEY (`ID_VENDEDOR`) REFERENCES `vtas_vendedores` (`ID_VENDEDOR`) ON DELETE NO ACTION ON UPDATE NO ACTION
) ENGINE=InnoDB DEFAULT CHARSET=latin1 COLLATE=latin1_spanish_ci;

#
# Structure for the `vtas_comprobantes_detalle` table : 
#

CREATE TABLE `vtas_comprobantes_detalle` (
  `ID_COMPROBANTE_DETALLE` int(11) NOT NULL AUTO_INCREMENT,
  `CAB_COMP_NRO_COMPROBANTE` varchar(8) COLLATE latin1_spanish_ci NOT NULL,
  `CAB_COMP_NRO_PUNTO_VENTA` varchar(4) COLLATE latin1_spanish_ci NOT NULL,
  `CAB_COMP_TIPO` varchar(3) COLLATE latin1_spanish_ci NOT NULL,
  `CAB_COMP_LETRA` char(1) COLLATE latin1_spanish_ci NOT NULL,
  `ID_ARTICULO` int(11) NOT NULL,
  `ID_COMBO` int(11) DEFAULT NULL,
  `CANTIDAD` float NOT NULL,
  `PRECIO_UNITARIO_VENTA` float NOT NULL,
  `PRECIO_UNITARIO_LISTA` float NOT NULL,
  `PORCENTAJE_DESCUENTO_MANUAL` float DEFAULT NULL,
  `PORCENTAJE_DESCUENTO_ARTICULO` float DEFAULT NULL,
  `PORCENTAJE_DESCUENTO_CLIENTE` float DEFAULT NULL,
  `MONTO_IMPUESTO_INT_APLICADO` float DEFAULT NULL,
  `PESO_ARTICULO` float DEFAULT NULL,
  `ES_BONIFICADO` bit(1) NOT NULL,
  `OBSERVACION_FACTURACION` varchar(100) COLLATE latin1_spanish_ci DEFAULT NULL,
  `ACTIVO` bit(1) NOT NULL,
  `FECHA_HORA_UPDATE` datetime NOT NULL DEFAULT '1000-01-01 00:00:00',
  PRIMARY KEY (`ID_COMPROBANTE_DETALLE`,`CAB_COMP_NRO_COMPROBANTE`,`CAB_COMP_NRO_PUNTO_VENTA`,`CAB_COMP_LETRA`,`CAB_COMP_TIPO`),
  KEY `fk_VTAS_COMPROBANTES_DETALLE_VTAS_COMPROBANTES_CABECERA1` (`CAB_COMP_NRO_COMPROBANTE`,`CAB_COMP_NRO_PUNTO_VENTA`),
  CONSTRAINT `fk_VTAS_COMPROBANTES_DETALLE_VTAS_COMPROBANTES_CABECERA1` FOREIGN KEY (`CAB_COMP_NRO_COMPROBANTE`, `CAB_COMP_NRO_PUNTO_VENTA`) REFERENCES `vtas_comprobantes_cabecera` (`NRO_COMPROBANTE`, `NRO_PTO_VENTA`) ON DELETE NO ACTION ON UPDATE NO ACTION
) ENGINE=InnoDB AUTO_INCREMENT=0 DEFAULT CHARSET=latin1 COLLATE=latin1_spanish_ci;

#
# Structure for the `vtas_impuestos_articulos` table : 
#

CREATE TABLE `vtas_impuestos_articulos` (
  `ID_ARTICULO` int(11) NOT NULL,
  `ID_IMPUESTO` int(11) NOT NULL,
  `ACTIVO` bit(1) NOT NULL,
  `FECHA_HORA_UPDATE` datetime NOT NULL DEFAULT '1000-01-01 00:00:00',
  PRIMARY KEY (`ID_ARTICULO`,`ID_IMPUESTO`),
  KEY `fk_VTAS_IMPUESTOS_ARTICULOS_VTAS_IMPUESTOS1` (`ID_IMPUESTO`),
  KEY `fk_VTAS_IMPUESTOS_ARTICULOS_INVRIO_ARTICULOS1` (`ID_ARTICULO`),
  CONSTRAINT `fk_VTAS_IMPUESTOS_ARTICULOS_INVRIO_ARTICULOS1` FOREIGN KEY (`ID_ARTICULO`) REFERENCES `invrio_articulos` (`ID_ARTICULO`) ON DELETE NO ACTION ON UPDATE NO ACTION,
  CONSTRAINT `fk_VTAS_IMPUESTOS_ARTICULOS_VTAS_IMPUESTOS1` FOREIGN KEY (`ID_IMPUESTO`) REFERENCES `vtas_impuestos` (`ID_IMPUESTO`) ON DELETE NO ACTION ON UPDATE NO ACTION
) ENGINE=InnoDB DEFAULT CHARSET=latin1 COLLATE=latin1_spanish_ci;

#
# Structure for the `vtas_impuestos_articuls_por_clientes` table : 
#

CREATE TABLE `vtas_impuestos_articuls_por_clientes` (
  `ID_CLIENTE` int(11) NOT NULL,
  `ID_ARTICULO` int(11) NOT NULL,
  `ID_IMPUESTO` int(11) NOT NULL,
  `ACTIVO` bit(1) NOT NULL,
  `FECHA_HORA_UPDATE` datetime NOT NULL DEFAULT '1000-01-01 00:00:00',
  PRIMARY KEY (`ID_CLIENTE`,`ID_ARTICULO`,`ID_IMPUESTO`),
  KEY `fk_VTAS_IMPUESTOS_ARTICULS_POR_CLIENTES_VTAS_IMPUESTOS1` (`ID_IMPUESTO`),
  KEY `fk_VTAS_IMPUESTOS_ARTICULS_POR_CLIENTES_VTAS_CLIENTES1` (`ID_CLIENTE`),
  KEY `fk_VTAS_IMPUESTOS_ARTICULS_POR_CLIENTES_INVRIO_ARTICULOS1` (`ID_ARTICULO`),
  CONSTRAINT `fk_VTAS_IMPUESTOS_ARTICULS_POR_CLIENTES_INVRIO_ARTICULOS1` FOREIGN KEY (`ID_ARTICULO`) REFERENCES `invrio_articulos` (`ID_ARTICULO`) ON DELETE NO ACTION ON UPDATE NO ACTION,
  CONSTRAINT `fk_VTAS_IMPUESTOS_ARTICULS_POR_CLIENTES_VTAS_CLIENTES1` FOREIGN KEY (`ID_CLIENTE`) REFERENCES `vtas_clientes` (`ID_CLIENTE`) ON DELETE NO ACTION ON UPDATE NO ACTION,
  CONSTRAINT `fk_VTAS_IMPUESTOS_ARTICULS_POR_CLIENTES_VTAS_IMPUESTOS1` FOREIGN KEY (`ID_IMPUESTO`) REFERENCES `vtas_impuestos` (`ID_IMPUESTO`) ON DELETE NO ACTION ON UPDATE NO ACTION
) ENGINE=InnoDB DEFAULT CHARSET=latin1 COLLATE=latin1_spanish_ci;

#
# Structure for the `vtas_impuestos_clientes` table : 
#

CREATE TABLE `vtas_impuestos_clientes` (
  `ID_IMPUESTO` int(11) NOT NULL,
  `ID_CLIENTE` int(11) NOT NULL,
  `ACTIVO` bit(1) NOT NULL,
  `FECHA_HORA_UPDATE` datetime NOT NULL DEFAULT '1000-01-01 00:00:00',
  PRIMARY KEY (`ID_IMPUESTO`,`ID_CLIENTE`),
  KEY `fk_VTAS_IMPUESTOS_CLIENTES_VTAS_CLIENTES1` (`ID_CLIENTE`),
  KEY `fk_VTAS_IMPUESTOS_CLIENTES_VTAS_IMPUESTOS1` (`ID_IMPUESTO`),
  CONSTRAINT `fk_VTAS_IMPUESTOS_CLIENTES_VTAS_CLIENTES1` FOREIGN KEY (`ID_CLIENTE`) REFERENCES `vtas_clientes` (`ID_CLIENTE`) ON DELETE NO ACTION ON UPDATE NO ACTION,
  CONSTRAINT `fk_VTAS_IMPUESTOS_CLIENTES_VTAS_IMPUESTOS1` FOREIGN KEY (`ID_IMPUESTO`) REFERENCES `vtas_impuestos` (`ID_IMPUESTO`) ON DELETE NO ACTION ON UPDATE NO ACTION
) ENGINE=InnoDB DEFAULT CHARSET=latin1 COLLATE=latin1_spanish_ci;

#
# Structure for the `vtas_precios` table : 
#

CREATE TABLE `vtas_precios` (
  `ID_LISTA_PRECIOS` int(11) NOT NULL,
  `ID_ARTICULO` int(11) NOT NULL,
  `PRECIO` float DEFAULT NULL,
  `PORCENTAJE_UTILIDAD_APLICADO` float DEFAULT NULL,
  `ACTIVO` bit(1) DEFAULT NULL,
  `FECHA_HORA_UPDATE` datetime DEFAULT '1000-01-01 00:00:00',
  PRIMARY KEY (`ID_LISTA_PRECIOS`,`ID_ARTICULO`),
  KEY `fk_VTAS_PRECIOS_VTAS_LISTAS_PRECIOS1` (`ID_LISTA_PRECIOS`),
  KEY `fk_VTAS_PRECIOS_INVRIO_ARTICULOS1` (`ID_ARTICULO`),
  CONSTRAINT `fk_VTAS_PRECIOS_INVRIO_ARTICULOS1` FOREIGN KEY (`ID_ARTICULO`) REFERENCES `invrio_articulos` (`ID_ARTICULO`) ON DELETE NO ACTION ON UPDATE NO ACTION,
  CONSTRAINT `fk_VTAS_PRECIOS_VTAS_LISTAS_PRECIOS1` FOREIGN KEY (`ID_LISTA_PRECIOS`) REFERENCES `vtas_listas_precios` (`ID_LISTA_PRECIOS`) ON DELETE NO ACTION ON UPDATE NO ACTION
) ENGINE=InnoDB DEFAULT CHARSET=latin1 COLLATE=latin1_spanish_ci;

COMMIT;


INSERT INTO `cta_cte_medios_pagos` (`ID_MEDIO_PAGO`, `DESCRIPCION`, `REQUIERE_BANCO`, `REQUIERE_BANCO_SUCURSAL`, `REQUIERE_NRO_CUENTA`, `REQUIERE_NRO_COMPROBANTE`, `REQUIERE_NRO_SERIE`, `REQUIERE_DATOS_TITULAR`, `REQUIERE_FECHA_VENCIMIENTO`, `REQUIERE_FECHA_EMICION`, `REQUIERE_CODIGO_LOCALIDAD`, `REQUIERE_COTIZACION`, `REQUIERE_TARJETA`, `REQUIERE_TARJETA_NUMERO`, `ACTIVO`, `FECHA_HORA_UPDATE`) VALUES 
  (1, 'EFECTIVO', False, False, False, False, False, False, False, False, False, False, False, False, True, '2011-01-22'),
  (2, 'CHEQUE', True, True, True, True, True, True, True, True, False, True, False, False, True, '2011-01-22'),
  (3, 'TARJETA', False, False, False, True, False, True, False, False, False, False, True, True, True, '2011-01-22'),
  (4, 'TRANSF. BANCARIA', True, True, True, True, True, True, True, True, False, True, False, False, False, '2011-01-22');

COMMIT;

INSERT INTO `ctable_tipo_movimientos` (`ID_TIPO_MOVIMIENTO`, `DESCRIPCION`, `OPERACION_SUMA`, `OPERACION_RESTA`, `ACTIVO`, `FECHA_HORA_UPDATE`) VALUES 
  (1, 'INGRESO', True, False, True, '2010-09-20'),
  (2, 'EGRESO', False, True, True, '2010-09-20'),
  (3, 'PAGO A PROVEEDOR', False, True, True, '2010-09-20'),
  (4, 'COBRANZA', True, False, True, '2010-09-20'),
  (5, 'VENTA CTA. CTE', False, False, True, '2010-09-20'),
  (6, 'COMPRA', False, True, True, '2010-09-20'),
  (7, 'VENTA CONTADO', True, False, True, '2011-02-06'),
  (8, 'NOTA DE CREDITO - CONTADO', False, True, True, '2011-02-24'),
  (9, 'NOTA DE CREDITO - CTA. CTE.', False, False, True, '2011-02-24');

COMMIT;

INSERT INTO `gral_condiciones_iva` (`ID_CONDICION_IVA`, `DESCRIPCION`, `DISCRIMINA_IVA`, `MUESTRA_IVA`, `LETRA_FACTURACION_DEFAULT`, `ACTIVO`, `FECHA_HORA_UPDATE`) VALUES 
  (1, 'RESPONSABLE INSCRIPTO', True, True, 'A', True, '2010-09-20'),
  (2, 'RESPONSABLE MONOTRIBUTO', False, False, 'B', True, '2010-11-03'),
  (3, 'EXENTO', False, False, 'B', True, '2010-11-03'),
  (4, 'CONSUMIDOR FINAL', False, False, 'B', True, '2010-11-04 10:25:08'),
  (5, 'SUJETO NO CATEGORIZADO', True, True, 'B', True, '2010-11-05 07:02:11');

COMMIT;

INSERT INTO `gral_nros_correlativos_comprobantes` (`ID_TIPO_COMPROBANTE`, `LETRA_COMPROBANTE`, `NRO_PTO_VENTA`, `NRO_COMPROBANTE`, `ACTIVO`, `FECHA_HORA_UPDATE`) VALUES 
  ('FAC', 'A', '0001', '00000000', True, '2011-03-10 01:47:45'),
  ('FAC', 'B', '0001', '00000000', True, '2011-03-09 09:50:13'),
  ('NC', 'A', '0001', '00000000', True, '2011-03-08 01:11:04'),
  ('NC', 'B', '0001', '00000000', True, '2011-03-09 09:51:11'),
  ('ND', 'A', '0001', '00000000', True, '2011-01-18'),
  ('ND', 'B', '0001', '00000000', True, '2011-01-18'),
  ('NP', 'X', '0001', '00000000', True, '2011-01-18'),
  ('PRE', 'X', '0001', '00000000', True, '2011-01-18'),
  ('REC', 'A', '0001', '00000000', True, '2011-03-10 09:23:33'),
  ('REC', 'B', '0001', '00000000', True, '2011-03-05 09:59:08'),
  ('REM', 'X', '0001', '00000000', True, '2011-01-18');

COMMIT;

INSERT INTO `gral_tipos_comprobantes` (`ID_TIPO_COMPROBANTE`, `DESCRIPCION`, `ACTIVO`, `FECHA_HORA_UPDATE`) VALUES 
  ('FAC', 'FACTURA', True, '2011-01-18'),
  ('NC', 'NOTA DE CREDITO', True, '2011-01-18'),
  ('ND', 'NOTA DE DEBITO', True, '2011-01-18'),
  ('NP', 'NOTA DE PEDIDO', True, '2011-01-18'),
  ('PRE', 'PRESUPUESTO', True, '2011-01-18'),
  ('REC', 'RECIBO', True, '2011-01-18'),
  ('REM', 'REMITO', True, '2011-01-18');

COMMIT;

INSERT INTO `gral_tipos_doc_identidad` (`ID_TIPOS_DOC_IDENTIDAD`, `DESCRIPCION`, `MASCARA`, `ACTIVO`, `FECHA_HORA_UPDATE`) VALUES 
  (1, 'DNI', '##.###.###', True, '2010-09-20'),
  (2, 'LC', '#.###.###', True, '2010-09-20'),
  (3, 'LR', '#.###.###', True, '2010-12-19 12:54:00'),
  (4, 'C.U.I.T', '##-##.###.###-#', True, '2010-12-19 12:55:00');

COMMIT;

INSERT INTO `sgdad_perfiles` (`ID_PERFIL`, `DESCRIPCION`, `ACTIVO`, `FECHA_HORA_UPDATE`) VALUES 
  (1, 'ADMINISTRADOR', True, '2011-01-28 07:40:38');

COMMIT;

INSERT INTO `sgdad_permisos` (`ID_PERMISO`, `DESCRIPCION`, `ACTIVO`, `FECHA_HORA_UPDATE`) VALUES 
  (1000, 'AJUSTES Y CONFIGURACION', True, '2011-01-26'),
  (1001, 'LISTAS DE PRECIOS', True, '2011-01-26'),
  (1002, 'CONDICIONES DE VENTA', True, '2011-01-26'),
  (1003, 'PROVINCIAS', True, '2011-01-26'),
  (1004, 'LOCALIDADES', True, '2011-01-26'),
  (1005, 'VENDEDORES', True, '2011-01-26'),
  (1006, 'CONDICIONES IVA', True, '2011-01-26'),
  (1007, 'USUARIOS Y MANTENIMIENTO', True, '2011-01-26'),
  (2000, 'VENTAS', True, '2011-01-26'),
  (2001, 'CLIENTES', True, '2011-01-26'),
  (2002, 'FACTURACION', True, '2011-01-26'),
  (2003, 'CUENTAS CORRIENTES', True, '2011-01-26'),
  (3000, 'PROVEEDORES', True, '2011-01-26'),
  (4000, 'INVENTARIO', True, '2011-01-26'),
  (5000, 'CAJA', True, '2011-01-26'),
  (6000, 'LISTADOS Y REPORTES', True, '2011-01-26'),
  (6001, 'LISTADO DE PRODUCTOS', True, '2011-01-26'),
  (6002, 'LISTADO DE CLIENTES', True, '2011-01-26'),
  (6003, 'LISTADO DE PROVEEDORES', True, '2011-01-26'),
  (6004, 'REPORTE DE VENTAS', True, '2011-01-26'),
  (7000, 'ESTADISTICAS', True, '2011-01-26');

COMMIT;

INSERT INTO `sgdad_perfiles_permisos` (`ID_PERFIL`, `ID_PERMISO`, `ACTIVO`, `FECHA_HORA_UPDATE`) VALUES 
  (1, 1000, True, '2011-01-28 07:40:38'),
  (1, 1001, True, '2011-01-28 07:40:38'),
  (1, 1002, True, '2011-01-28 07:40:38'),
  (1, 1003, True, '2011-01-28 07:40:38'),
  (1, 1004, True, '2011-01-28 07:40:39'),
  (1, 1005, True, '2011-01-28 07:40:39'),
  (1, 1006, True, '2011-01-28 07:40:39'),
  (1, 1007, True, '2011-01-28 07:40:39'),
  (1, 2000, True, '2011-01-28 07:40:39'),
  (1, 2001, True, '2011-01-28 07:40:39'),
  (1, 2002, True, '2011-01-28 07:40:39'),
  (1, 2003, True, '2011-01-28 07:40:39'),
  (1, 3000, True, '2011-01-28 07:40:39'),
  (1, 4000, True, '2011-01-28 07:40:39'),
  (1, 5000, True, '2011-01-28 07:40:39'),
  (1, 6000, True, '2011-01-28 07:40:39'),
  (1, 6001, True, '2011-01-28 07:40:39'),
  (1, 6002, True, '2011-01-28 07:40:39'),
  (1, 6003, True, '2011-01-28 07:40:39'),
  (1, 6004, True, '2011-01-28 07:40:39'),
  (1, 7000, True, '2011-01-28 07:40:39');

COMMIT;

INSERT INTO `sgdad_usuarios` (`ID_USUARIO`, `ID_PERFIL`, `NOMBRE`, `APELLIDO`, `APODO`, `PASSWORD`, `EMAIL`, `FECHA_ALTA`, `ACTIVO`, `FECHA_HORA_UPDATE`) VALUES 
  (2, 1, 'ADMINISTRADOR', 'ADMINISTRADOR', 'ADMIN', '21232f297a57a5a743894a0e4a801fc3', 'administrador@administrador.com', '2011-01-26', True, '2011-02-14 07:48:41');

COMMIT;

INSERT INTO `vtas_impuestos` (`ID_IMPUESTO`, `DESCRIPCION`, `PORCENTAJE`, `MONTO_FIJO`, `ACTIVO`, `FECHA_HORA_UPDATE`, `ID_GRUPO_IMPUESTO`, `IS_DEFAULT`) VALUES 
  (1, 'IVA 21%', 0.21, NULL, True, '2010-11-16 21:12:00', 'IVA', True),
  (2, 'IVA 10.5%', 0.105, NULL, True, '2010-11-16 21:14:00', 'IVA', False),
  (3, 'IVA 27%', 0.27, NULL, True, '2010-11-16 21:28:00', 'IVA', False),
  (4, 'IVA EXENTO', 0, NULL, True, '2010-11-16 21:34:00', 'IVA', False);

COMMIT;